frames,mean_wrist_velocity,max_wrist_velocity,mean_elbow_angle,std_elbow_angle,smoothness_score
202,7.39362013394137,32.2490309931942,109.47990951472542,54.24785907870951,4.532837541523737
