frames,smoothness,mean_velocity,mean_angle
99,4.56323267255729,14.204539504099376,97.9842839950412
