frames,smoothness,mean_velocity,mean_angle
78,3.3438426030873285,9.068459635877156,166.84832196988575
