frames,smoothness,mean_velocity,mean_angle
109,2.885175396837312,9.327940310925936,169.58679154578746
