frames,smoothness,mean_velocity,mean_angle
104,4.677227148540172,10.30847808739736,102.15658977509362
