frames,smoothness,mean_velocity,mean_angle
72,17.16568084732714,24.904375457622603,151.44608925380464
