frames,smoothness,mean_velocity,mean_angle
202,11.499829762602456,15.012626883578553,145.90174818457356
